datetime,open,high,low,close,volume,symbol
2024-04-23,163.8587664496344,165.54343166054898,163.4326366212621,165.394775390625,49537800,AAPL
2024-04-24,165.03800691456527,167.77312477902248,164.71099641624178,167.4956512451172,48251800,AAPL
2024-04-25,168.0010494911784,169.07131105182287,166.63349053238153,168.35780334472656,50558300,AAPL
2024-04-26,168.34790327634968,169.79472746518425,167.65420428921547,167.77313232421875,44838400,AAPL
2024-04-29,171.80640930182136,174.44242297655094,171.53885525962073,171.93524169921875,68169400,AAPL
2024-04-30,171.76678225756265,173.41181476528868,168.46681287321124,168.79383850097656,65934800,AAPL
2024-05-01,168.05060587060277,171.1523820898212,167.58484346320657,167.77313232421875,50383100,AAPL
2024-05-02,170.95418315705703,171.85597979307556,169.34879824722077,171.46949768066406,94214900,AAPL
2024-05-03,184.9666483851495,185.313497878847,181.01264278710423,181.7261505126953,163224100,AAPL
2024-05-06,180.7054248623681,182.53873097916653,178.79282331517493,180.07119750976562,78569700,AAPL
2024-05-07,181.79552305097843,183.23244296383282,179.6847430878599,180.75498962402344,77305800,AAPL
2024-05-08,181.20091221961113,181.41892928578648,179.81352951475225,181.09190368652344,45057100,AAPL
2024-05-09,180.91352883975787,182.99459544718977,180.4675903156434,182.90541076660156,48983000,AAPL
2024-05-10,183.48094965782863,183.66949389545601,180.7322193628195,181.64515686035156,50759500,AAPL
2024-05-13,184.01680743143146,185.6640710757596,183.2030934113359,184.85035705566406,72044800,AAPL
2024-05-14,186.0709344816443,186.8548800445926,184.8602962551219,185.99154663085938,52393600,AAPL
2024-05-15,186.46787049037354,189.18683240943687,185.9320062923224,188.26397705078125,70400000,AAPL
2024-05-16,189.00821119957226,189.6333810173086,188.2044300863017,188.38304138183594,52845200,AAPL
2024-05-17,188.05555831413108,189.34558420614056,187.7280891548122,188.4127960205078,41282900,AAPL
2024-05-20,187.87695420764547,190.44707314635468,187.5594028379898,189.57382202148438,44361300,AAPL
2024-05-21,189.62343971650407,191.25085261805762,189.4547462309282,190.873779296875,42309400,AAPL
2024-05-22,190.79438668312676,191.34016861791716,188.80973611420333,189.4348907470703,34648500,AAPL
2024-05-23,189.51429520164533,189.5341459487459,185.19768892080702,185.44577026367188,51005900,AAPL
2024-05-24,187.37088671578107,189.11737394472448,186.59685898409072,188.52197265625,36327000,AAPL
2024-05-28,190.04022981736387,191.51880009814326,187.64873713728954,188.5319061279297,52280100,AAPL
2024-05-29,188.15481585355153,190.7745542503335,188.05557725890648,188.82958984375,53068000,AAPL
2024-05-30,189.2959530014381,190.70505299300459,189.16696101953212,189.82188415527344,49889100,AAPL
2024-05-31,189.9707854632458,191.09211806054816,188.45252874493116,190.77456665039062,75158300,AAPL
2024-06-03,191.41956102246726,193.49353258818425,191.04248767189634,192.5408935546875,50080500,AAPL
2024-06-04,193.1462119125533,193.82100104656786,191.548567440495,192.8584442138672,47471400,AAPL
2024-06-05,193.90039657531312,195.38888482479103,193.37446527183246,194.36679077148438,54156800,AAPL
2024-06-06,194.1881470745491,194.9919281725913,192.67980832687616,192.9874267578125,41181800,AAPL
2024-06-07,193.15610745634936,195.42854080055034,192.65002702042116,195.37892150878906,53103900,AAPL
2024-06-10,195.38883614317194,195.7857753291456,190.67529119421684,191.63784790039062,97010200,AAPL
2024-06-11,192.1638033246204,205.57012886730556,192.14396771907968,205.56019592285156,172373300,AAPL
2024-06-12,205.77850209290926,218.51003809526938,205.3121079690946,211.4347686767578,198134300,AAPL
2024-06-13,213.09192677850285,215.08649505325084,209.97602614095345,212.59576416015625,97862700,AAPL
2024-06-14,212.20878551515116,213.5186471242216,209.67835280423736,210.85922241210938,70122700,AAPL
2024-06-17,211.7324642876032,217.26964179829142,211.08745883873982,215.00714111328125,93728300,AAPL
2024-06-18,215.92007781385274,216.95210469802018,211.36530791117931,212.64540100097656,79943300,AAPL
2024-06-20,212.28815296354617,212.59578653831548,207.24715355520107,208.07077026367188,86172500,AAPL
2024-06-21,208.77532033595196,210.26380829361358,205.52049454653314,205.8975830078125,241805100,AAPL
2024-06-24,206.12581247138846,211.0675882243761,205.00448003735443,206.54258728027344,80727000,AAPL
2024-06-25,207.54484206411715,209.75773850908567,207.0089930344414,207.46546936035156,55549700,AAPL
2024-06-26,209.87678837301024,213.21100178687283,209.02338806048346,211.6133575439453,66213200,AAPL
2024-06-27,213.04233172557286,214.0842763709762,210.7202940415425,212.4568634033203,49772700,AAPL
2024-06-28,214.1140398112984,214.41174043740799,208.68601906723538,209.00355529785156,82542700,AAPL
2024-07-01,210.46229254870087,215.84069445328046,210.29359904602236,215.08653259277344,60402900,AAPL
2024-07-02,214.49110775455017,218.68865467979296,213.4491783018458,218.57949829101562,58046200,AAPL
2024-07-03,218.31157833867707,219.8496856689453,217.34902153194005,219.8496856689453,37369800,AAPL
2024-07-05,219.94889718329503,224.71206166235044,219.94889718329503,224.6029052734375,60412400,AAPL
2024-07-08,225.34715532852172,226.1013322692385,221.53662969916704,226.07156372070312,59085900,AAPL
2024-07-09,226.18069804264906,227.63941744293055,224.63267299949706,226.92494201660156,48076100,AAPL
2024-07-10,227.54019053238477,231.29117889263895,227.49057123987387,231.1919403076172,62627700,AAPL
2024-07-11,229.61416127735984,230.60648662367137,224.03729767642758,225.823486328125,64710600,AAPL
2024-07-12,227.1631286162611,230.8545803134063,226.92496506939614,228.77069091796875,53046500,AAPL
2024-07-15,234.66511292556817,235.40935699641528,231.3011303310065,232.60107421875,62631300,AAPL
2024-07-16,233.19646408342908,234.4567215545301,230.54695713829173,233.01785278320312,43234300,AAPL
2024-07-17,227.68907650763262,229.68366039690463,224.90064435415894,227.1234588623047,57345900,AAPL
2024-07-18,228.5126628842939,228.6714385621368,220.5641428905974,222.45947265625,66034600,AAPL
2024-07-19,223.09459660515446,225.0593965950336,221.56640705838353,222.5885009765625,49151500,AAPL
2024-07-22,225.26777593230437,226.03187070395737,221.3778623137636,222.24119567871094,48201800,AAPL
2024-07-23,222.6480544130964,225.19833806517673,220.9710219946754,223.28314208984375,39960300,AAPL
2024-07-24,222.28091212287578,223.07477555165173,215.4636407794466,216.86280822753906,61777600,AAPL
2024-07-25,217.24978234747041,219.15506035064124,212.97286249707204,215.8208465576172,51391200,AAPL
2024-07-26,217.02154248476683,217.80548795978973,214.35218497553956,216.2872314453125,41601300,AAPL
2024-07-29,215.29490356378676,217.61694112977094,214.09418328948692,216.56507873535156,36311800,AAPL
2024-07-30,217.50777956722112,218.63902977566391,214.4613337033208,217.1207733154297,41643800,AAPL
2024-07-31,219.7405227481965,222.10226187087767,218.93674165630796,220.3756103515625,50036300,AAPL
2024-08-01,222.64801239186647,222.7571687754724,215.35443086006643,216.68414306640625,62501000,AAPL
2024-08-02,217.46808032420208,223.86859053089324,216.03914463167754,218.17263793945312,105568600,AAPL
2024-08-05,197.562059997048,211.8614726265992,194.4957781490091,207.6639404296875,119548600,AAPL
2024-08-06,203.72439154098564,208.3783997216886,199.52685967053256,205.6395721435547,69660500,AAPL
2024-08-07,205.31209833985366,212.00037630720823,204.80601788828693,208.20970153808594,63516400,AAPL
2024-08-08,211.47445056104476,212.5560815310077,207.22729938249148,211.67291259765625,47161100,AAPL
2024-08-09,210.47221789303094,215.11629337558463,210.3432107490655,214.5804443359375,42201600,AAPL
2024-08-12,214.65993379251097,218.07747160820446,214.1929998012183,216.1103973388672,38028100,AAPL
2024-08-13,217.58072790378117,220.44193777769505,217.58072790378117,219.82598876953125,44155300,AAPL
2024-08-14,219.13056699635618,221.57450454206742,218.2662343099079,220.27305603027344,41960600,AAPL
2024-08-15,223.13426697458056,223.8793724762866,221.30626328939533,223.25347900390625,46414000,AAPL
2024-08-16,222.45869413327577,225.34970708383625,222.19045191126241,224.57479858398438,44340200,AAPL
2024-08-19,224.2469437652095,224.51518597934856,221.58442566604344,224.41583251953125,40687800,AAPL
2024-08-20,224.29662301984854,225.68748051768907,223.97870407222223,225.0317840576172,30299000,AAPL
2024-08-21,225.04171252806572,226.4921759358446,223.58130467937312,224.9224853515625,34765500,AAPL
2024-08-22,226.30341677619586,226.84983046212884,222.43880384726458,223.064697265625,43695300,AAPL
2024-08-23,224.187342377279,226.73063334528243,222.866020162344,225.35963439941406,38677300,AAPL
2024-08-26,225.28016094798537,225.79677167752968,222.42889539152742,225.69741821289062,30602200,AAPL
2024-08-27,224.52513427640764,227.35654136968387,223.4223774795666,226.54188537597656,35934600,AAPL
2024-08-28,226.43259292076607,228.35993491185639,224.20720569696516,225.01193237304688,38052200,AAPL
2024-08-29,228.59837969678284,231.3999685703833,227.38634017099784,228.29039001464844,51906300,AAPL
2024-08-30,228.68776005113654,228.89638108151303,225.9954391052015,227.50552368164062,52990800,AAPL
2024-09-03,227.05848641015993,227.50554667965343,219.72664341730942,221.3162078857422,50190600,AAPL
2024-09-04,220.21344869061124,220.33266071869627,216.06071952153204,219.4087371826172,43840200,AAPL
2024-09-05,220.1836359939166,224.00850159902006,220.07435325324454,220.92874145507812,36615400,AAPL
2024-09-06,222.4884846157397,223.7700744804958,218.33577084564575,219.37892150878906,48423000,AAPL
2024-09-09,219.37892899374344,219.82598924771256,215.2957503769675,219.4683380126953,67180000,AAPL
2024-09-10,217.49133220778626,220.03462329185413,215.3156216628219,218.67356872558594,51591000,AAPL
2024-09-11,220.01474349397893,221.63409569372266,216.46803428284608,221.2069091796875,44587100,AAPL
2024-09-12,221.04796566036197,222.09111639532034,218.38546260882887,221.3162078857422,37455600,AAPL
2024-09-13,222.12089674811224,222.57788625371046,220.461797151476,221.04794311523438,36766600,AAPL
2024-09-16,215.126845002842,215.80241517960704,212.52394807405793,214.90829467773438,59357400,AAPL
2024-09-17,214.34200737227792,215.48449636527135,213.10016491936787,215.37521362304688,45519300,AAPL
2024-09-18,216.13026348358338,221.25659276615585,216.12031904206836,219.24977111816406,59894900,AAPL
2024-09-19,223.52171975466862,228.32020097310811,223.16406850984052,227.3763885498047,66781300,AAPL
2024-09-20,228.46920754640476,231.56884144729943,226.1345376792504,226.71075439453125,318679900,AAPL
2024-09-23,225.8563523524968,227.95258288382507,224.336338501163,224.99203491210938,54146000,AAPL
2024-09-24,227.15781488965328,227.85325878901892,224.25687274556688,225.88616943359375,43556100,AAPL
2024-09-25,223.462095237407,225.80669443859438,222.55804543582803,224.8927001953125,42308700,AAPL
2024-09-26,225.81665178414175,227.00881759745033,223.9389864593978,226.03521728515625,36636700,AAPL
2024-09-27,226.9690618971705,228.02214184296878,225.8166284941723,226.3034210205078,34026000,AAPL
2024-09-30,228.5387415800987,231.47943115234375,228.1512873446241,231.47943115234375,54541900,AAPL
2024-10-01,228.02216122790813,228.15130254219565,222.27988260723768,224.7337646484375,63285000,AAPL
2024-10-02,224.41582711263038,225.8861642954019,221.56456176324298,225.30001831054688,32880600,AAPL
2024-10-03,223.6707104185886,225.3298099915582,221.86259582618194,224.19725036621094,34044200,AAPL
2024-10-04,226.41269745663615,226.51205091107013,222.66731173997377,225.31988525390625,37245100,AAPL
2024-10-07,223.0349151567562,224.2171516536621,219.8856043654075,220.24325561523438,39505400,AAPL
2024-10-08,222.83622285599392,224.50525191173782,221.79307211654884,224.296630859375,31855700,AAPL
2024-10-09,223.7601370790405,228.25064364916537,223.36275355639287,228.04200744628906,33591100,AAPL
2024-10-10,226.2934858996686,228.00226223679437,225.68746620848788,227.54525756835938,28183500,AAPL
2024-10-11,227.8035664938185,227.9128492283195,225.85635099522128,226.0649871826172,31759200,AAPL
2024-10-14,227.20748901369805,230.21771386522883,227.1081507143634,229.79052734375,39882100,AAPL
2024-10-15,232.08544385770335,235.9401275315396,230.853530735341,232.32388305664062,64751400,AAPL
2024-10-16,230.0885617348273,230.60515724916505,228.34003796565733,230.2673797607422,34082200,AAPL
2024-10-17,231.9066247344228,232.3238971476739,229.0156269629083,230.63497924804688,32993800,AAPL
2024-10-18,234.6386615701971,234.6386615701971,232.4828249974097,233.46636962890625,46431500,AAPL
2024-10-21,232.91995571367772,235.3043021987925,232.91995571367772,234.93670654296875,36254500,AAPL
2024-10-22,232.36364046895116,234.67843677993508,231.0820656392084,234.32078552246094,38846600,AAPL
2024-10-23,232.55238437433343,233.60546433739609,226.27362172475395,229.25404357910156,52287000,AAPL
2024-10-24,228.47914643577636,229.3136761173618,226.91940013747097,229.0653076171875,31109500,AAPL
2024-10-25,228.24072625952675,231.69801159617745,228.07183749564092,229.8998260498047,38802300,AAPL
2024-10-28,231.7973512193415,233.19813797949908,231.032372026897,231.87681579589844,36087100,AAPL
2024-10-29,231.5787930163908,232.80076177889833,230.80388451731673,232.1450653076172,35417200,AAPL
2024-10-30,231.09197226998216,231.94636045913163,228.05194445904854,228.59835815429688,47070900,AAPL
2024-10-31,227.84332326136388,228.33013097812315,223.89923027313517,224.4357147216797,64370100,AAPL
2024-11-01,219.5279346472888,223.87935529424118,218.83250593091054,221.4552764892578,65276700,AAPL
2024-11-04,219.54779428408165,221.33603510883145,218.27614895309117,220.56112670898438,44944500,AAPL
2024-11-05,220.3525342324639,222.48849724939907,219.69683776020295,221.99176025390625,28111300,AAPL
2024-11-06,221.15722727351368,224.59465366535846,219.7464961432124,221.26651000976562,54561100,AAPL
2024-11-07,223.16406118155706,226.39285156162418,223.10445516924474,225.99545288085938,42137700,AAPL
2024-11-08,225.9357792784742,227.4176895436531,225.17991383614745,225.7269287109375,38328800,AAPL
2024-11-11,223.77757009002366,224.47376393957063,220.29658566640109,223.01174926757812,42005600,AAPL
2024-11-12,223.33001798502116,224.36436096493557,222.14648085284745,223.01174926757812,40398300,AAPL
2024-11-13,222.79294167641658,225.4185978724207,221.54973296285615,223.89691162109375,48566200,AAPL
2024-11-14,223.79747584076947,227.62654977508777,223.77758025105393,226.98008728027344,44923900,AAPL
2024-11-15,225.16996034674554,225.68713943052106,223.0515429787679,223.77757263183594,47923700,AAPL
2024-11-18,224.0262188410909,228.49183017609323,223.94665165924164,226.7811737060547,44633700,AAPL
2024-11-19,225.7467938634959,228.90952454109907,225.42854034251505,227.03973388671875,36211800,AAPL
2024-11-20,226.82093350733243,228.68076882556113,224.66272507245372,227.75582885742188,35169600,AAPL
2024-11-21,227.63651765548505,228.90956230117874,224.4837418395179,227.27847290039062,42108300,AAPL
2024-11-22,226.82094518602503,229.46649702017746,226.82094518602503,228.62110900878906,38168300,AAPL
2024-11-25,230.2024695182051,231.982737654973,228.4918131754458,231.60479736328125,90152800,AAPL
2024-11-26,232.06231657216094,234.29015208323423,232.06231657216094,233.7829132080078,45986200,AAPL
2024-11-27,233.19610269434173,234.4094755286879,232.5396848968981,233.65359497070312,33498400,AAPL
2024-11-29,233.53426018813377,236.51796100091357,232.69882760276832,236.0405731201172,28481400,AAPL
2024-12-02,235.9809120539101,239.4817769036961,235.8715090788613,238.28829956054688,48137100,AAPL
2024-12-03,238.5070985351772,241.44106801091166,237.60203896586935,241.3316650390625,38861000,AAPL
2024-12-04,241.55047375645148,242.78374225546824,239.9392801306149,241.68971252441406,44383900,AAPL
2024-12-05,242.6644095132275,243.21140922639395,240.81451427308068,241.7195587158203,40033900,AAPL
2024-12-06,241.59025685240857,243.30091318780651,240.76476447856876,241.5206298828125,36870600,AAPL
2024-12-09,240.516140724136,245.89675186527563,240.43657354260168,245.40940856933594,44649200,AAPL
2024-12-10,245.54863486606115,246.86147053083658,244.00705305092782,246.42385864257812,36914800,AAPL
2024-12-11,246.61283253090062,249.43739908317045,244.92205654138039,245.15081787109375,45205800,AAPL
2024-12-12,245.54865996903848,247.388615093895,244.3452271532981,246.61285400390625,32777500,AAPL
2024-12-13,246.47359279661413,247.9355922748061,244.90217516923994,246.7819061279297,33155300,AAPL
2024-12-16,246.64268436980004,250.01426601000418,246.30452004436617,249.6761016845703,51694800,AAPL
2024-12-17,248.72130738305802,252.45093348613432,248.42293425963442,252.1028289794922,51356400,AAPL
2024-12-18,250.79000225751088,252.89847930582897,246.39401822090946,246.70233154296875,56774100,AAPL
2024-12-19,246.15530978567995,250.63086087269232,245.74753371109492,248.432861328125,60882300,AAPL
2024-12-20,246.69240643268387,253.61459983498276,244.35518295150268,253.1073760986328,147495300,AAPL
2024-12-23,253.38583418491564,254.26104280923545,252.07299848460428,253.88311767578125,40858800,AAPL
2024-12-24,254.101957652135,256.80716624287646,253.90303208844082,256.7972412109375,23234700,AAPL
2024-12-26,256.78725468311694,258.6868812844183,256.23029959445824,257.61273193359375,27237100,AAPL
2024-12-27,256.42919055718573,257.29448932345014,251.68511699924173,254.2013702392578,42355300,AAPL
2024-12-30,250.85962400320443,252.1227283114492,249.38766912858338,250.8297882080078,35557500,AAPL
2024-12-31,251.0684930674946,251.90392569582917,248.07483671879714,249.05946350097656,39480700,AAPL
2025-01-02,247.57754859678104,247.74663833648884,240.50619200781614,242.52516174316406,55740700,AAPL
2025-01-03,242.03781127929688,242.853348279154,240.57579666249651,242.03781127929688,40244100,AAPL
2025-01-06,242.98266113735735,245.98625772407811,241.87869116125097,243.66891479492188,45045600,AAPL
2025-01-07,241.6598944370817,244.21593900697974,240.03876048613398,240.8940887451172,40856000,AAPL
2025-01-08,240.6056476428208,242.38593107741448,238.74581220273618,241.38140869140625,37628900,AAPL
2025-01-10,238.70602211575698,238.85521627248303,231.73411285331812,235.56320190429688,61710900,AAPL
2025-01-13,232.26124214226888,233.39504797306242,228.4719441071402,233.1265106201172,49630700,AAPL
2025-01-14,233.47460320476435,234.8371551382162,231.20699165927476,232.01258850097656,39435300,AAPL
2025-01-15,233.36518970349533,237.66172623332486,233.15632396556444,236.57763671875,39832000,AAPL
2025-01-16,236.06047699847062,236.7168796666606,226.79110553013876,227.0198516845703,71759100,AAPL
2025-01-17,230.85888730040747,231.0279618693864,227.2386640256131,228.7305145263672,68488300,AAPL
2025-01-21,222.78301644137267,223.20073277609362,218.18812158355374,221.43040466308594,98070400,AAPL
2025-01-22,218.59587812819439,222.9023551356524,218.59587812819439,222.6139373779297,64126500,AAPL
2025-01-23,223.51898889751178,225.7965406078772,221.09224303438072,222.44485473632812,60234800,AAPL
2025-01-24,223.55875977197638,224.4041477572621,220.2070739772995,221.5696258544922,54697900,AAPL
2025-01-27,222.80290778981754,230.888727332658,222.76311661057002,228.61117553710938,94863400,AAPL
2025-01-28,229.5957855991,238.88503723433337,229.55599442275542,236.96551513671875,75707600,AAPL
2025-01-29,232.84800364416722,238.5568232574634,232.73860067537262,238.05953979492188,45486100,AAPL
2025-01-30,237.37329797187644,239.48177510143526,235.9212386876704,236.29916381835938,55658300,AAPL
2025-01-31,245.84699474947953,245.84699474947953,232.1716998572169,234.71778869628906,100959800,AAPL
2025-02-03,228.7404632470789,230.5704628324937,224.47376244068877,226.77120971679688,73063300,AAPL
2025-02-04,226.01533721300711,231.8633956790269,225.4185909783935,231.53518676757812,45067300,AAPL
2025-02-05,227.2883891710869,231.4058958330951,227.0298072213747,231.2069854736328,39620300,AAPL
2025-02-06,230.03338922164468,232.5297620441898,229.17806101517482,231.95291137695312,29925300,AAPL
2025-02-07,231.33627899238985,232.72866665415378,226.0252799376335,226.39328002929688,39707200,AAPL
2025-02-10,228.57377553913867,229.58933825388894,226.21404995469493,226.66209411621094,33115600,AAPL
2025-02-11,227.2097022258532,234.20919368357846,227.140013897382,231.6105194091797,53718400,AAPL
2025-02-12,230.19670873650108,235.93172304376256,229.67896101319025,235.84210205078125,45243300,AAPL
2025-02-13,235.88194100703416,241.28837041996871,234.54775953627293,240.4818878173828,53614100,AAPL
2025-02-14,240.203075232316,244.48441805735465,239.9442089936196,243.53854370117188,40896200,AAPL
2025-02-18,243.0905000064508,244.11602908498713,240.7905267294893,243.40911865234375,48822500,AAPL
2025-02-19,243.5982928571997,244.94242536854557,242.10480216065562,243.807373046875,32204200,AAPL
2025-02-20,243.87707690453925,245.70908851524857,243.2298884862767,244.76321411132812,32316900,AAPL
2025-02-21,244.88269415360097,247.61080936192474,244.15586625078134,244.48443603515625,53197400,AAPL
2025-02-24,243.86711335623195,247.7800669312537,243.3593319822528,246.0277099609375,51326400,AAPL
2025-02-25,246.92381259977986,248.91513366913293,243.84722519384715,245.9679718017578,48013300,AAPL
2025-02-26,243.26972892021308,243.91690216055417,238.0922974197643,239.31695556640625,44433600,AAPL
2025-02-27,238.37109275336516,241.40786042901627,236.0312844149354,236.27024841308594,41153600,AAPL
2025-02-28,235.9217631442628,241.03945773883657,229.20105446423008,240.79054260253906,56833400,AAPL
2025-03-03,240.74073286620586,242.97101773746803,235.0853888180174,236.99705505371094,47184000,AAPL
2025-03-04,236.6784633674393,239.02822274747484,233.6615980851158,234.9061737060547,53798100,AAPL
2025-03-05,234.3983766092207,235.5234777567522,228.23523611666363,234.7169952392578,47227600,AAPL
2025-03-06,233.42263965762712,236.82779659290307,232.14819548977783,234.30877685546875,45170400,AAPL
2025-03-07,234.08974000390756,240.32256924437755,233.74125275300776,238.03256225585938,46273600,AAPL
2025-03-10,234.5178647329352,235.13518456664028,223.24699590534985,226.4928436279297,72071200,AAPL
2025-03-11,222.8387656202518,224.8599551431671,216.50636447278404,219.88165283203125,76137400,AAPL
2025-03-12,219.18469713036333,220.78771110845915,213.9773970817033,216.0384063720703,62547500,AAPL
2025-03-13,215.01287598245443,215.899013195213,207.51555384047248,208.77008056640625,61368300,AAPL
2025-03-14,210.3332680009786,213.02154815111564,208.67051688888432,212.5635528564453,60107600,AAPL
2025-03-17,212.3843267022667,214.28604179494317,209.05882446828872,213.0713348388672,48073400,AAPL
2025-03-18,213.23063555765447,214.21632963340127,210.57222410469132,211.7670135498047,42432400,AAPL
2025-03-19,213.2904064715071,217.81069873114322,212.82244479269733,214.3059844970703,54385400,AAPL
2025-03-20,213.0613904363763,216.5462020975973,211.29906714235267,213.17091369628906,48862900,AAPL
2025-03-21,210.6419412957371,217.8903488075446,210.36315756009637,217.3228302001953,94127800,AAPL
2025-03-24,220.04097309502072,220.5188858867363,217.63147647971348,219.7721405029297,44299500,AAPL
2025-03-25,219.81197343150768,223.12752472855482,219.1249652538438,222.77903747558594,34493600,AAPL
2025-03-26,222.5400680439697,224.04352508950674,219.51326687455483,220.56866455078125,34466100,AAPL
2025-03-27,220.4292696466093,224.0136533961419,219.6028696378956,222.87860107421875,37094800,AAPL
2025-03-28,220.7080664246457,222.8387793372666,216.73537546649092,216.9544219970703,39818600,AAPL
2025-03-31,216.0682695484103,224.6409066608951,215.29165561007284,221.1660614013672,65299300,AAPL
2025-04-01,218.85612876373423,222.70932997882656,217.95007407622174,222.22146606445312,36412700,AAPL
2025-04-02,220.3595869543347,224.21278818927524,220.06088576879955,222.91842651367188,35905900,AAPL
2025-04-03,204.64805110026137,206.58960121618028,200.37667426890133,202.30825805664062,103419000,AAPL
2025-04-04,193.04863012782926,199.01264249852213,186.52705026060866,187.5625457763672,125910900,AAPL
2025-04-07,176.43103817745248,193.30748067285785,173.86223225537526,180.6725616455078,160466300,AAPL
2025-04-08,185.88981432593783,189.5140179775097,168.47572171547168,171.67178344726562,120859500,AAPL
2025-04-09,171.20381523449285,199.7394480269994,171.14407803694525,197.98709106445312,184395900,AAPL
2025-04-10,188.24954112448538,193.93475416517637,182.20587449762067,189.5936737060547,121880000,AAPL
2025-04-11,185.2924188893916,198.67408279715283,185.2525839628914,197.2901153564453,87435900,AAPL
2025-04-14,210.5224325383335,212.01592310379547,200.28704507843972,201.64114379882812,101352900,AAPL
2025-04-15,200.98403365195668,202.62686743682656,198.93297540670014,201.2628173828125,51343900,AAPL
2025-04-16,197.49921927320653,199.82906121923162,191.5352073519423,193.42697143554688,59732400,AAPL
2025-04-17,196.34424488667963,197.9671763411939,193.5763099497932,196.1251983642578,52164700,AAPL
2025-04-21,192.43131586910098,192.9590147372882,188.98632373298676,192.32179260253906,46742500,AAPL
2025-04-22,195.26892870764283,200.7151927551101,195.11958571249494,198.87322998046875,52976400,AAPL
2025-04-23,205.1060461943045,207.0973670311424,201.9199358938783,203.71212768554688,52929200,AAPL
2025-04-24,204.00088023313933,207.92378505310097,202.0593452871763,207.4657745361328,47311000,AAPL
2025-04-25,205.47445049920006,208.8397878176709,205.30519003897632,208.371826171875,38222300,AAPL
2025-04-28,209.08871177088434,210.5822025692478,206.55974070372147,209.2281036376953,38743100,AAPL
2025-04-29,207.78438836336602,211.31898611202763,207.46576971677675,210.29345703125,36827600,AAPL
2025-04-30,208.39173986928208,212.65316547487808,205.7731479657814,211.57785034179688,52286500,AAPL
2025-05-01,208.1726964341785,213.62891164873253,207.99346964638974,212.39430236816406,57365700,AAPL
2025-05-02,205.19567188008233,206.0917754590827,201.2827333487594,204.45889282226562,101010600,AAPL
2025-05-05,202.21865389928206,203.21431440062256,197.34987465543003,198.02691650390625,69018500,AAPL
2025-05-06,197.3498583398735,199.77925700053618,196.165020010421,197.64854431152344,51216500,AAPL
2025-05-07,198.30570335142838,198.574535944944,192.41139491378883,195.39837646484375,68536700,AAPL
2025-05-08,196.86200854076802,199.18189948520052,193.8351919089676,196.6330108642578,50478900,AAPL
2025-05-09,198.1364339272832,199.6697443694255,196.6827629534363,197.66847229003906,36453900,AAPL
2025-05-12,210.32995926202443,210.6290521628615,206.1227607044075,210.15049743652344,63775800,AAPL
2025-05-13,209.79158118866218,212.75257189298435,208.36592688565332,212.28399658203125,51909300,AAPL
2025-05-14,211.78549375335473,213.29092224655892,209.9411156617564,211.68580627441406,49325800,AAPL
2025-05-15,210.31000386923802,212.31391554357438,208.90427796298633,210.80848693847656,45029500,AAPL
2025-05-16,211.71573318604425,211.92510277199543,209.1335944967917,210.6190643310547,54737900,AAPL
2025-05-19,207.27923550566183,208.84446444770495,203.64029993754312,208.14659118652344,46140500,AAPL
2025-05-20,207.03996203611737,207.83753801206538,204.40797196423648,206.232421875,42496600,AAPL
2025-05-21,204.54755595275296,206.4118779017609,200.10109516487896,201.47689819335938,59211800,AAPL
2025-05-22,200.1010930441042,202.13489740214874,199.0941474443519,200.74911499023438,46742400,AAPL
2025-05-23,193.0824298832746,197.10020219746903,192.8730755135501,194.67758178710938,78432900,AAPL
2025-05-27,197.6983910952664,200.1309909415137,196.83102019804124,199.60260009765625,56288500,AAPL
2025-05-28,199.98143310081724,202.11494001836002,199.2935240345892,199.81195068359375,45339700,AAPL
2025-05-29,202.96236033905296,203.19165828241367,197.90773491315443,199.34336853027344,51396800,AAPL
2025-05-30,198.7651407343476,201.3472946799051,196.18300200128658,200.24066162109375,70819900,AAPL
2025-06-02,199.67238359256916,201.51677709467234,199.51286535414474,201.08807373046875,35423300,AAPL
2025-06-03,200.73914706631285,203.1518034040851,200.35033086337637,202.6533203125,46381600,AAPL
2025-06-04,202.29440469878628,205.6143037964219,201.48686455307688,202.20468139648438,43604000,AAPL
2025-06-05,202.8826044104843,204.12881205428334,199.54276184010462,200.0213165283203,55126100,AAPL
2025-06-06,202.38413874603313,205.07594444547604,201.43702389784912,203.3013458251953,46607700,AAPL
2025-06-09,203.76990423179717,205.3750202901374,199.41316716451473,200.8388214111328,72862600,AAPL
2025-06-10,199.99141796230995,203.73004106569937,199.96151019448254,202.0551300048828,54672600,AAPL
2025-06-11,202.88260699920767,203.8795731269679,197.80805305990708,198.1769256591797,60989900,AAPL
2025-06-12,198.47602627663701,199.07419684911244,196.7612432530472,198.5956573486328,43904600,AAPL
2025-06-13,199.12403626091725,199.76209396079906,195.1062640673262,195.85398864746094,51447300,AAPL
2025-06-16,196.701426450214,198.08720880439395,195.96366601516638,197.81802368164062,43020700,AAPL
2025-06-17,196.60172782081946,197.7881200100286,194.61777485692886,195.0464630126953,38856200,AAPL
2025-06-18,195.34553910938874,196.97059871241268,194.4781834746436,195.9835968017578,45394700,AAPL
2025-06-20,197.63859168364695,201.0880863339216,196.26277341287403,200.3902130126953,96813500,AAPL
2025-06-23,201.01828233775666,201.686247808318,198.3563846401482,200.888671875,55814300,AAPL
2025-06-24,201.9753521214132,202.82277936444737,199.59260382672892,199.6923065185547,54064000,AAPL
2025-06-25,200.83881944772682,203.052085424857,200.01133575244882,200.948486328125,39525700,AAPL
2025-06-26,200.81890119127095,202.02523702778157,198.85489170599743,200.3902130126953,50799100,AAPL
2025-06-27,201.27751091280393,202.6034778198992,199.39324535272064,200.469970703125,73188600,AAPL
2025-06-30,201.39711462840114,206.76079706763053,198.65545787730727,204.5475311279297,91912800,AAPL
2025-07-01,206.04299395149746,209.55231908550664,205.51460310500556,207.18951416015625,78788900,AAPL
2025-07-02,208.2761972389462,212.69274987948137,207.5085290616707,211.7954864501953,67941800,AAPL
2025-07-03,211.5063683517463,213.9987837940836,211.16740350258758,212.90213012695312,34955800,AAPL
2025-07-07,212.03474730839852,215.57398008038285,208.16652910348648,209.3130340576172,50229000,AAPL
2025-07-08,209.46258702266434,210.78853856973336,207.81758380403343,209.3728485107422,42848900,AAPL
2025-07-09,208.8943192909964,210.6888614301138,206.59132988433592,210.4994354248047,48749400,AAPL
2025-07-10,209.87133445003573,212.83232507172787,209.39279496736208,211.7655792236328,44443600,AAPL
2025-07-11,209.93115706069412,211.48642172848318,209.22330444266433,210.5193634033203,39765800,AAPL
2025-07-14,209.29309904361602,210.27013683517245,206.91035052542594,207.98707580566406,38840100,AAPL
2025-07-15,208.5852528191871,211.24715053377864,208.28615994072268,208.4755859375,42296300,AAPL
2025-07-16,209.6619745482938,211.75559423754484,208.00700716596054,209.52239990234375,47490500,AAPL
2025-07-17,209.93117746335784,211.1574416148312,208.95413964633332,209.38284301757812,48068100,AAPL
2025-07-18,210.23024956462245,211.1474566075158,209.06380098140497,210.539306640625,48974600,AAPL
2025-07-21,211.45652088357517,215.12534891613055,210.98794558852114,211.83535766601562,51377400,AAPL
2025-07-22,212.49337032996837,214.29787667610697,211.5861274580158,213.74954223632812,46404100,AAPL
2025-07-23,214.3477172095632,214.4972560435483,211.76557859278188,213.5002899169922,46989300,AAPL
2025-07-24,213.25105536667797,215.03563331063384,212.8821827557749,213.11148071289062,46022600,AAPL
2025-07-25,214.04862920984866,214.58699944946258,212.7525701732737,213.2311248779297,40268800,AAPL
2025-07-28,213.3806606658472,214.19818019857897,212.41360229785764,213.40060424804688,37858000,AAPL
2025-07-29,213.53018805628847,214.15828155569844,210.18039662608902,210.6290283203125,51411700,AAPL
2025-07-30,211.25711581327238,211.74563469104578,207.0898047125579,208.415771484375,45512500,AAPL
2025-07-31,207.85746883247032,209.2033639475293,206.5315020865265,206.9402618408203,80698400,AAPL
2025-08-01,210.23023901853355,212.93202387361222,200.88867142379772,201.76600646972656,104434500,AAPL
2025-08-04,203.8895472057539,207.24933356384108,201.06813110178,202.7330780029297,75109300,AAPL
2025-08-05,202.78290655256814,204.71702329589334,201.54667827641916,202.3043670654297,44155100,AAPL
2025-08-06,205.00615029681612,214.72657006985978,204.96626313259566,212.60302734375,108483100,AAPL
2025-08-07,218.2159523061407,220.1799768073744,215.92292715514498,219.36245727539062,90224800,AAPL
2025-08-08,220.16003429974123,230.29917810781973,218.58482597462978,228.65419006347656,113854000,AAPL
2025-08-11,227.4864157407103,229.12329528601256,224.3324234952035,226.74781799316406,61806100,AAPL
2025-08-12,227.57622481823222,230.36092560837628,226.63802588155738,229.21310424804688,55626200,AAPL
2025-08-13,230.6304284784954,234.55294488479396,229.99163136972763,232.88612365722656,69878500,AAPL
2025-08-14,233.61473725595164,234.67271834509882,230.41085227691244,232.33717346191406,51916300,AAPL
2025-08-15,233.5548328767578,233.834298979768,228.9036945156081,231.1494140625,56038700,AAPL
2025-08-18,231.2592012143754,232.67649791960375,229.6722297518056,230.45074462890625,37476200,AAPL
2025-08-19,230.84001516813981,232.42698672077375,228.9136940815642,230.1213836669922,39402600,AAPL
2025-08-20,229.54248102593337,230.0315543310328,225.3404986724704,225.5800323486328,42263900,AAPL
2025-08-21,225.8395414786139,226.08906587116957,223.3542730460458,224.47213745117188,30621200,AAPL
2025-08-22,225.73973438952316,228.65417758009713,224.98118568943215,227.3267059326172,42477800,AAPL
2025-08-25,226.0491451945495,228.86378779922748,225.79962078901826,226.7278594970703,30983100,AAPL
2025-08-26,226.43840339540802,229.0534295301293,224.26255788237486,228.87376403808594,54575100,AAPL
2025-08-27,228.17510050695543,230.46073738560713,227.82576024347395,230.05152893066406,31259500,AAPL
2025-08-28,230.3809040856524,232.9659733126178,228.90370861616245,232.11758422851562,38074700,AAPL
2025-08-29,232.0676707602769,232.9360260407387,230.92984008944924,231.69837951660156,39418400,AAPL
2025-09-02,228.81388239599917,230.4108447009183,226.53822101083426,229.28298950195312,44075600,AAPL
2025-09-03,236.75874463665696,238.395624134605,233.9141603097862,238.01634216308594,66427800,AAPL
2025-09-04,237.9963808412042,239.4436193831587,236.28964239378743,239.3238525390625,47549400,AAPL
2025-09-05,239.54341659874092,240.86091270031892,238.03629475202086,239.2340087890625,54870400,AAPL
2025-09-08,238.84475646782593,239.69313028194867,235.89038089866295,237.42745971679688,48999500,AAPL
2025-09-09,236.54912730927947,238.3257397896772,232.9160527142261,233.9041748046875,66313900,AAPL
2025-09-10,231.7482872752143,231.97784546194652,225.52015268533836,226.35855102539062,83440800,AAPL
2025-09-11,226.44839058875493,230.01159113632517,226.21881717306923,229.59239196777344,50208600,AAPL
2025-09-12,228.78394562468256,234.0638755168574,228.58432913969838,233.62472534179688,55824200,AAPL
2025-09-15,236.54912714503797,237.7368657054393,234.58287368836292,236.24969482421875,42699500,AAPL
2025-09-16,236.72878926810645,240.76111223381088,235.87043992435724,237.6969451904297,63421100,AAPL
2025-09-17,238.5153883976145,239.6432435766681,237.27774187166392,238.5353546142578,46508000,AAPL
2025-09-18,239.5134800259323,240.74113579799257,236.199788714976,237.42745971679688,44249600,AAPL
2025-09-19,240.77107799962133,245.83144010441063,239.7530294205925,245.032958984375,163741300,AAPL
2025-09-22,247.82763635806887,256.15178189089505,247.64797087114997,255.5928192138672,105517400,AAPL
2025-09-23,255.39322235208516,256.8504363399061,253.0975947938589,253.9459686279297,60275200,AAPL
2025-09-24,254.73446948849343,255.2534845023776,250.56241362070242,251.8300018310547,42303700,AAPL
2025-09-25,252.72829161839874,256.6807646844572,251.2311452680336,256.3813171386719,55202100,AAPL
2025-09-26,253.61660096533106,257.10994249251326,253.2972024297037,254.97401428222656,46076300,AAPL
2025-09-29,254.0757261912774,254.5148915782133,252.52867184357527,253.9459686279297,40127700,AAPL
2025-09-30,254.37515755125318,255.4331385813304,252.6284867333586,254.14559936523438,37704300,AAPL
2025-10-01,254.55481135314994,258.29769267334166,254.44502000530687,254.9640350341797,48713900,AAPL
2025-10-02,256.09186667190835,257.68882891050583,253.66649683440303,256.6408386230469,42630200,AAPL
2025-10-03,254.18552630266564,258.7468246365968,253.46689477740222,257.5291442871094,49155600,AAPL
2025-10-06,257.49920544747016,258.5771679771474,254.56481112131073,256.2016906738281,44664100,AAPL
2025-10-07,256.3214394907812,256.91031341337026,254.94405994391948,255.99208068847656,31955800,AAPL
2025-10-08,256.03198246417537,258.0281776413904,255.62275879770374,257.5690612792969,36496900,AAPL
2025-10-09,257.3195337882977,257.50917476461467,252.65841993311406,253.55670166015625,38322000,AAPL
2025-10-10,254.45500785015722,255.8922708493858,243.53581752909898,244.80340576171875,61999100,AAPL
2025-10-13,248.90558714178317,249.2149949644775,245.09284695690994,247.18885803222656,38142900,AAPL
2025-10-14,246.13087266264282,248.37659224814226,244.23447809703134,247.29864501953125,35478000,AAPL
2025-10-15,249.01537013681215,251.3409393203658,246.99920876557604,248.8656463623047,33893600,AAPL
2025-10-16,247.7777291727393,248.56621957555782,244.66366953460536,246.979248046875,39777000,AAPL
2025-10-17,247.5481624372989,252.89796599708643,246.79958926324147,251.81002807617188,49147000,AAPL
2025-10-20,255.4032084113237,263.87706298772724,255.14370850365398,261.7411193847656,90483000,AAPL
2025-10-21,261.38182000576944,264.7853366806196,261.33189684706855,262.2701110839844,46695900,AAPL
2025-10-22,262.15033525743416,262.349966966352,254.94406918261987,257.9583435058594,45015300,AAPL
2025-10-23,259.4454820834593,260.12418111371363,257.51916110368444,259.0861511230469,32754900,AAPL
2025-10-24,260.69310343226954,263.6275126875418,258.68691759501684,262.32000732421875,38253700,AAPL
2025-10-27,264.37609822840903,268.60802232244004,264.1465248140549,268.2986145019531,44888200,AAPL
2025-10-28,268.4782600095115,269.3765722048576,267.63986169210665,268.4882507324219,41534800,AAPL
2025-10-29,268.76770579477784,270.8936584399069,266.6018207191691,269.1869201660156,51086700,AAPL
2025-10-30,271.4725408872279,273.6184749716116,267.969239224885,270.8836669921875,69886500,AAPL
2025-10-31,276.4630533049319,276.79244258078194,268.647962249571,269.85565185546875,86167100,AAPL
2025-11-03,269.90556627002525,270.33474092754267,265.74348587775046,268.53814697265625,50194600,AAPL
2025-11-04,267.8195068636227,270.9734988318123,267.11086611942017,269.5262756347656,49274800,AAPL
2025-11-05,268.0989800730272,271.18312844251227,266.4221834255846,269.6260986328125,43683100,AAPL
2025-11-06,267.38037702601645,272.8798740142925,267.38037702601645,269.25677490234375,51204000,AAPL
2025-11-07,269.28671541495146,271.7719991063764,266.26248096015127,267.9592590332031,48227400,AAPL
2025-11-10,268.7085692371889,273.4741297822401,267.20997142836535,269.1781311035156,41312400,AAPL
2025-11-11,269.55775905965567,275.65206242273547,269.5477586519058,274.99267578125,46208300,AAPL
2025-11-12,274.74292397164845,275.4722525277038,271.4460210796085,273.21435546875,48398000,AAPL
2025-11-13,273.85374352181776,276.4413491841305,271.83564282199285,272.6948547363281,49602800,AAPL
2025-11-14,270.7965900477885,275.70200347225597,269.3479639093673,272.15533447265625,47431300,AAPL
2025-11-17,268.5687054184609,270.2371271729127,265.48159771217263,267.2099609375,45018300,AAPL
2025-11-18,269.7376065335732,270.4569347049811,265.0719890725528,267.19000244140625,45677300,AAPL
2025-11-19,265.2817633125939,271.9555110777923,265.2517925781922,268.3089294433594,40424500,AAPL
2025-11-20,270.5768036466949,275.17250947675234,265.67142054546326,266.0010986328125,45823600,AAPL
2025-11-21,265.70137680880595,273.0744516711978,265.4216397990326,271.2361755371094,59030800,AAPL
2025-11-24,270.64675212306133,276.7410558404627,270.64675212306133,275.6620788574219,65585800,AAPL
2025-11-25,275.012667049666,280.1179060838009,274.9926967216935,276.7110900878906,46914200,AAPL
2025-11-26,276.70108254872224,279.26868736786383,276.3714044558947,277.29052734375,33431400,AAPL
2025-11-28,277.0008150112318,278.73917862681736,275.73198274965245,278.5893249511719,20135600,AAPL
2025-12-01,277.75011957449965,283.1550658399818,275.88187257202503,282.8353576660156,46587700,AAPL
2025-12-02,282.7354345985028,287.1313151163589,282.36578537497866,285.9224548339844,53669500,AAPL
2025-12-03,285.9324708384744,288.35019153510143,283.0351573834178,283.8843688964844,43538700,AAPL
2025-12-04,283.83440686502166,284.46382276925783,278.32954829392816,280.4375915527344,43989100,AAPL
2025-12-05,280.27774306596746,280.8771882481053,277.79005013345267,278.5193786621094,47265800,AAPL
2025-12-08,277.86998437615557,279.4085531850005,275.8918244790692,277.6302185058594,38211800,AAPL
2025-12-09,277.8999627322321,279.7682096639769,276.6611317163261,276.9208679199219,32193300,AAPL
2025-12-10,277.490342786908,279.48847306800184,276.1815698919154,278.5193786621094,33038300,AAPL
2025-12-11,278.83908758708685,279.3286197507982,273.5540244422053,277.77008056640625,33248000,AAPL
2025-12-12,277.64021728323,278.9589906850317,276.5612402656973,278.0198669433594,39532900,AAPL
2025-12-15,279.8880911943856,279.8880911943856,272.5849275039148,273.8537292480469,50409100,AAPL
2025-12-16,272.5649667835892,275.2424541197232,271.53593087885605,274.353271484375,37648600,AAPL
2025-12-17,274.75292651919426,275.90184538512057,271.38608172110213,271.58587646484375,50138700,AAPL
2025-12-18,273.35420232069225,273.374203136776,266.7004552212896,271.935546875,51630700,AAPL
2025-12-19,271.8955859651445,274.34330788170604,269.64768928264715,273.4141845703125,144632000,AAPL
2025-12-22,272.6048920133635,273.62395794129594,270.25711338978425,270.7166748046875,36571800,AAPL
2025-12-23,270.5868091030317,272.2452609569047,269.30800689497966,272.1053771972656,29642000,AAPL
2025-12-24,272.085389177814,275.17249671786806,271.9455359163183,273.55401611328125,17910600,AAPL
2025-12-26,273.9037084592662,275.1125687682936,272.6049054553,273.1444091796875,21521800,AAPL
2025-12-29,272.4350823114352,274.10350406329195,272.0954038139857,273.50408935546875,23715200,AAPL
2025-12-30,272.5549704076282,273.82377221524894,272.02546707967076,272.82470703125,22139600,AAPL
2025-12-31,272.80472532736104,273.42414083736213,271.49595243002375,271.6058349609375,27293600,AAPL
2026-01-02,272.0054842546519,277.58025431004916,268.7485221479618,270.75665283203125,37838100,AAPL
2026-01-05,270.38700744645297,271.25618925068443,265.89121426121545,267.0101623535156,45647200,AAPL
2026-01-06,266.7503924619391,267.2998660934885,261.8749496989937,262.1147155761719,52352100,AAPL
2026-01-07,262.95395138764474,263.4334831315393,259.56710600115036,260.08660888671875,48309800,AAPL
2026-01-08,256.7797203952787,259.0476178563403,255.46096229095477,258.7978515625,50419300,AAPL
2026-01-09,258.8377955175017,259.9667440583015,255.98048371428257,259.1275329589844,39997000,AAPL
2026-01-12,258.9177364764393,261.05572011368304,256.5599267903311,260.0067138671875,45263800,AAPL
2026-01-13,258.4781303943212,261.56523797230057,258.148452318208,260.8059387207031,45730800,AAPL
2026-01-14,259.247418118488,261.57525710051715,256.4700180914029,259.71697998046875,40019400,AAPL
2026-01-15,260.40631875644857,260.7959687899761,256.8096782083212,257.9685974121094,39388600,AAPL
2026-01-16,257.6589020182799,258.6579671912775,254.69167723491495,255.29112243652344,72142800,AAPL
2026-01-20,252.49373739571587,254.55180921698133,243.19244305608962,246.46937561035156,80267500,AAPL
2026-01-21,248.46750904444812,251.3248360900433,244.9507953165175,247.41848754882812,54641700,AAPL
2026-01-22,248.96703988447874,250.76536025794266,247.9180183962477,248.1178436279297,39708300,AAPL
2026-01-23,247.08880782235642,249.17685039145397,244.45126111041233,247.80812072753906,41689000,AAPL
2026-01-26,251.24490015634893,256.32015295784896,249.5664780183616,255.17123413085938,55969200,AAPL
2026-01-27,258.92771692213245,261.70511669708895,257.96859246831417,258.0285339355469,49648300,AAPL
2026-01-28,257.409147241713,258.61800761819165,254.27208306792676,256.2002868652344,41288000,AAPL
2026-01-29,257.75880668092503,259.4072580677027,254.17216647920577,258.0385437011719,67253000,AAPL
2026-01-30,254.93144331105526,261.6551472598355,251.94423313215475,259.2374267578125,92443400,AAPL
2026-02-02,259.7869174093499,270.2371306501278,258.9676766447768,269.7575988769531,73913400,AAPL
2026-02-03,268.9483513556569,271.6258386480508,267.3598109321867,269.22808837890625,64394700,AAPL
2026-02-04,272.03545112075,278.68922850453845,272.03545112075,276.23150634765625,90545700,AAPL
2026-02-05,277.86999494352693,279.2387093202658,272.97458180817284,275.6520690917969,52977400,AAPL
2026-02-06,276.8609202349588,280.6473855638201,276.67109542368036,277.8599853515625,50453400,AAPL
2026-02-09,277.9100036621094,278.20001220703125,271.70001220703125,274.6199951171875,44623400,AAPL
2026-02-10,274.8900146484375,275.3699951171875,272.94000244140625,273.67999267578125,34376900,AAPL
2026-02-11,274.70001220703125,280.17999267578125,274.45001220703125,275.5,51931300,AAPL
2026-02-12,275.5899963378906,275.7200012207031,260.17999267578125,261.7300109863281,81077200,AAPL
2026-02-13,262.010009765625,262.2300109863281,255.4499969482422,255.77999877929688,56290700,AAPL
2026-02-17,258.04998779296875,266.2900085449219,255.5399932861328,263.8800048828125,58469100,AAPL
2026-02-18,263.6000061035156,266.82000732421875,262.45001220703125,264.3500061035156,34203300,AAPL
2026-02-19,262.6000061035156,264.4800109863281,260.04998779296875,260.5799865722656,30845300,AAPL
2026-02-20,258.9700012207031,264.75,258.1600036621094,264.5799865722656,42070500,AAPL
2026-02-23,263.489990234375,269.42999267578125,263.3800048828125,266.17999267578125,37308200,AAPL
2026-02-24,267.8599853515625,274.8900146484375,267.7099914550781,272.1400146484375,47014600,AAPL
2026-02-25,271.7799987792969,274.94000244140625,271.04998779296875,274.2300109863281,33714300,AAPL
2026-02-26,274.95001220703125,276.1099853515625,270.79998779296875,272.95001220703125,32345100,AAPL
2026-02-27,272.80999755859375,272.80999755859375,262.8900146484375,264.17999267578125,72366500,AAPL
2026-03-02,262.4100036621094,266.5299987792969,260.20001220703125,264.7200012207031,41827900,AAPL
2026-03-03,263.4800109863281,265.55999755859375,260.1300048828125,263.75,38568900,AAPL
2026-03-04,264.6499938964844,266.1499938964844,261.4200134277344,262.5199890136719,39803100,AAPL
2026-03-05,260.7900085449219,261.55999755859375,257.25,260.2900085449219,49658600,AAPL
2026-03-06,258.6300048828125,258.7699890136719,254.3699951171875,257.4599914550781,41120000,AAPL
2026-03-09,255.69000244140625,261.1499938964844,253.67999267578125,259.8800048828125,38218500,AAPL
2026-03-10,257.6499938964844,262.4800109863281,256.95001220703125,260.8299865722656,30590800,AAPL
2026-03-11,261.0899963378906,262.1300048828125,259.54998779296875,260.80999755859375,26218900,AAPL
2026-03-12,258.6600036621094,258.95001220703125,254.17999267578125,255.75999450683594,40794000,AAPL
2026-03-13,255.47999572753906,256.3299865722656,249.52000427246094,250.1199951171875,36930000,AAPL
2026-03-16,252.11000061035156,253.88999938964844,249.8800048828125,252.82000732421875,32074200,AAPL
2026-03-17,252.9600067138672,255.1300048828125,252.17999267578125,254.22999572753906,32361600,AAPL
2026-03-18,252.6300048828125,254.94000244140625,249.0,249.94000244140625,35757900,AAPL
2026-03-19,249.39999389648438,251.8300018310547,247.3000030517578,248.9600067138672,34864100,AAPL
2026-03-20,247.97999572753906,249.1999969482422,246.0,247.99000549316406,88331100,AAPL
2026-03-23,253.97000122070312,254.60000610351562,250.27999877929688,251.49000549316406,40546100,AAPL
2026-03-24,250.35000610351562,254.8300018310547,249.5500030517578,251.63999938964844,45152300,AAPL
2026-03-25,254.10000610351562,255.0,251.60000610351562,252.6199951171875,28476700,AAPL
2026-03-26,252.1199951171875,257.0,250.77000427246094,252.88999938964844,41796700,AAPL
2026-03-27,253.89999389648438,255.49000549316406,248.07000732421875,248.8000030517578,47900000,AAPL
2026-03-30,250.07000732421875,250.8699951171875,245.50999450683594,246.6300048828125,39446200,AAPL
2026-03-31,247.91000366210938,255.47999572753906,247.10000610351562,253.7899932861328,49598100,AAPL
2026-04-01,254.0800018310547,256.17999267578125,253.3300018310547,255.6300048828125,40059400,AAPL
2026-04-02,254.1999969482422,256.1300048828125,250.64999389648438,255.9199981689453,31289400,AAPL
2026-04-06,256.510009765625,262.1600036621094,256.4599914550781,258.8599853515625,29329900,AAPL
2026-04-07,256.1600036621094,256.20001220703125,245.6999969482422,253.5,62148000,AAPL
2026-04-08,258.45001220703125,259.75,256.5299987792969,258.8999938964844,41032800,AAPL
2026-04-09,259.0,261.1199951171875,256.07000732421875,260.489990234375,28121600,AAPL
2026-04-10,259.9800109863281,262.19000244140625,259.0199890136719,260.4800109863281,31291500,AAPL
2026-04-13,259.7300109863281,260.17999267578125,256.6600036621094,259.20001220703125,36234700,AAPL
2026-04-14,259.25,261.92999267578125,257.19000244140625,258.8299865722656,48370700,AAPL
2026-04-15,258.1600036621094,266.55999755859375,257.80999755859375,266.42999267578125,49913500,AAPL
2026-04-16,266.79998779296875,267.1600036621094,261.2699890136719,263.3999938964844,43323100,AAPL
2026-04-17,266.9599914550781,272.29998779296875,266.7200012207031,270.2300109863281,61436200,AAPL
2026-04-20,270.3299865722656,274.2799987792969,270.2900085449219,273.04998779296875,36590200,AAPL
2026-04-21,271.5,272.79998779296875,265.3999938964844,266.1700134277344,50209800,AAPL
2026-04-22,267.82000732421875,273.739990234375,266.8699951171875,273.1700134277344,43195700,AAPL
2026-04-23,275.0450134277344,275.7699890136719,271.6499938964844,274.3800048828125,21557961,AAPL
